proposed_rank,program_name,theme_title,spotify_recording,spotify_track_id,original_broadcast_years,composer,performer,source_type,source_role,status,concise_justification
1,Peter Gunn,Peter Gunn,Henry Mancini,58tIaHOLyqe6Q7M9pZe9GX,1958-1961,Henry Mancini,Henry Mancini,TV,THEME,keep,Gary approved the existing database recording; historical and recording identity require no replacement.
2,Perry Mason,Park Avenue Beat,Fred Steiner,799kpXdBhIzYscq144QVEn,1957-1966,Fred Steiner,Fred Steiner,TV,THEME,keep,Gary personally approved this exact replacement; current database track remains pending replacement.
3,Rawhide,Rawhide,Frankie Laine - Original Version,6cHhJfIQE4tOQ6fVcMm1CA,1959-1965,Dimitri Tiomkin; Ned Washington,Frankie Laine,TV,THEME,keep,Gary personally approved this exact replacement; current database track remains pending replacement.
4,The Mickey Mouse Club,Mickey Mouse March,Jimmie Dodd & The Mouseketeers,5TMudJQG4Pb4PneHIhtgA0,1955-1959,Jimmie Dodd,Jimmie Dodd & The Mouseketeers,TV,THEME,keep,Gary approved the existing database recording.
5,Alfred Hitchcock Presents,Funeral March of a Marionette,Charles Gounod,604ZpOVApaeGoMOzOm8lUE,1955-1962,Charles Gounod,Charles Gounod,TV,THEME,keep,Gary approved the existing database recording.
6,The Lone Ranger,William Tell Overture Finale,Gioachino Rossini,1NbD8eCoSrmFA8sNrZZTvz,1949-1957,Gioachino Rossini,Gioachino Rossini,TV,THEME,keep,Gary approved the existing database recording.
7,Adventures of Superman,Superman Main Title,Leon Klatzkin,4sYOSzhDiBZuX88Ylh7O2N,1952-1958,Leon Klatzkin,Leon Klatzkin,TV,THEME,keep,Gary personally approved this exact replacement; current database track remains pending replacement.
8,Have Gun – Will Travel,The Ballad of Paladin,Johnny Western,5aIlwCsfbagxrVIAVDGiaA,1957-1963,Johnny Western,Johnny Western,TV,THEME,keep,Gary approved the existing database recording.
9,The Rifleman,Rifleman Main Title,Herschel Burke Gilbert,12ynoGdWbebDuV61rsJyp1,1958-1963,Herschel Burke Gilbert,Herschel Burke Gilbert,TV,THEME,keep,Gary personally approved this exact replacement; current database track remains pending replacement.
10,Dragnet,Danger Ahead / Dragnet Theme,Ray Anthony & His Orchestra,5Iyz89IZQSNtATjrTwpO2H,1951-1959,Walter Schumann,Ray Anthony & His Orchestra,TV,THEME,keep,Gary personally approved this exact replacement; current database track remains pending replacement.
11,The Honeymooners,You're My Greatest Love,Jackie Gleason,4nBCLGl2EXO3bIk30Jyv5b,1955-1956,Jackie Gleason; Bill Templeton,Jackie Gleason,TV,THEME,keep,Gary personally approved this exact replacement; current database track remains pending replacement.
12,77 Sunset Strip,77 Sunset Strip Theme,Jackie Gleason & His Orchestra,6KZpSdpQGbTxP5jKfKY8cV,1958-1964,Jerry Livingston; Mack David,Jackie Gleason & His Orchestra,TV,THEME,keep,Gary approved the existing database recording.
13,Bonanza,Bonanza Theme,Jackie Gleason & His Orchestra,29UOD7lc0l7AVc2W7jVsAI,1959-1973,Jay Livingston; Ray Evans,Jackie Gleason & His Orchestra,TV,THEME,keep,Gary approved the existing database recording.
,I Love Lucy,I Love Lucy Theme,Soundtrack & Theme Orchestra,5lSfu6Bb1lZHvEA5Lp3FSo,1951-1957,Eliot Daniel; Harold Adamson,Soundtrack & Theme Orchestra,TV,THEME,approved-catalog-candidate,Gary historically accepted this recognizable cover; it remains unranked and unapplied to the database.
,Gunsmoke,Gunsmoke / The Old Trail,101 Strings Orchestra,71qlBJvHesvpK3TJXGN95O,1955-1975,Rex Koury,101 Strings Orchestra,TV,THEME,approved-catalog-candidate,Gary historically accepted this recognizable cover; it remains unranked and unapplied to the database.
,The Twilight Zone,Main Title First Season,Bernard Herrmann,2esm55sr13FFKqoP6qwjUz,1959-1964,Bernard Herrmann,Bernard Herrmann,TV,THEME,approved-catalog-candidate,Gary approved the required 1959 first-season Bernard Herrmann theme; Marius Constant is excluded; unranked and unapplied.
,The Phil Silvers Show,Theme,,,1955-1959,,,TV,THEME,research-needed,Existing incomplete row; research exact broadcast recording.
,The Adventures of Ozzie and Harriet,Theme,,,1952-1966,,,TV,THEME,research-needed,Existing incomplete row; confirm television rather than radio identity and recording.
,Zorro,Zorro,The Complete Movie Soundtrack Collection,301w6yavJnABE4APW72ynW,1957-1959,George Bruns; lyrics Norman Foster,The Complete Movie Soundtrack Collection,TV,THEME,approved-catalog-candidate,Gary historically accepted this recognizable cover; it remains unranked and unapplied to the database.
,Wagon Train,Wagons Ho! (1959 theme),Stanley Wilson,7up8IVBnHisqNGn2ewyuyk,1957-1965,Jerome Moross,Stanley Wilson,TV,THEME,approved-catalog-candidate,Gary approved this candidate; it targets the 1959 Moross instrumental, but exact Spotify release lineage remains uncertain; unranked and unapplied.
,Sea Hunt,Sea Hunt Theme,Buddy Morrow,,1958-1961,Ray Llewellyn; probably David Rose,Buddy Morrow,TV,THEME,approved-catalog-candidate,Gary approved the documented 1959 commercial recording; it is not confirmed as broadcast master and has no Spotify ID; unranked and unapplied.
,Davy Crockett,The Ballad of Davy Crockett,Fess Parker,3Gr3f20ajbTXP25lmrg2Qb,1954-1955,George Bruns; Thomas W. Blackburn,Fess Parker,TV,THEME,approved-catalog-candidate,Gary approved this 1969 rerecording; it is not the confirmed 1954 broadcast recording; unranked and unapplied.
,The Ed Sullivan Show,Theme,,,1948-1971,,,TV,THEME,research-needed,New research candidate; verify a theme recording appropriate to the program.
,Lassie,Theme,,,1954-1973,,,TV,THEME,research-needed,New research candidate; research early television theme version and recording.
,Batman,Batman Theme,Neal Hefti,4lwV7SpU0JSM1OIm0aIkNP,1966-1968,Neal Hefti,Neal Hefti,TV,THEME,defer,Belongs to the 1960s historical-review queue and is excluded from the 1950s program.
,The Untouchables,The Untouchables - Theme,Nelson Riddle,5BO1NDOaXxuEN0mqMaapnC,1959-1963,Nelson Riddle,Nelson Riddle,TV,THEME,approved-catalog-candidate,Gary approved this later-issued release; broadcast-master lineage is unconfirmed; unranked and unapplied.
,M Squad,M Squad,Count Basie,5qc4Q3sRK0mjKdomhfMqxN,1957-1960,Count Basie,Count Basie,TV,THEME,approved-catalog-candidate,Gary approved Basie's second/third-season theme only; distinct from Stanley Wilson's first-season theme; unranked and unapplied.
,Bat Masterson,Bat Masterson,David Rose,2N4bp5eHNlL6pNogf4DpTR,1958-1961,Havens Wray; Bart Corwin,David Rose,TV,THEME,approved-catalog-candidate,Gary approved this candidate with Wray/Corwin/Bill Lee and possible Rose-pseudonym qualifications; exact release lineage remains uncertain; unranked and unapplied.
,Cheyenne,Cheyenne,Johnny Gregory & His Orchestra and The Michael Sammes Singers,5As4kPiB9eZ5Q9EVBaYqHs,1955-1963,,,TV,THEME,approved-catalog-candidate,Gary approved this later cover/recreation; it is not verified as the broadcast master; unranked and unapplied.
,The Life and Legend of Wyatt Earp,The Life and Legend of Wyatt Earp,TV Theme Players,1F6N0vw7S55QK7SckEDhhY,1955-1961,,,TV,THEME,approved-catalog-candidate,Gary approved this 2009 recreation; it is not an original recording; unranked and unapplied.
,Wanted: Dead or Alive,Wanted Dead Or Alive,The TV Theme Players,1kEauajzb7929zqiIVW9fQ,1958-1961,,,TV,THEME,approved-catalog-candidate,Gary approved this brief 26-second recognizable cover of the 1958 series theme; unranked and unapplied.
,The Red Skelton Show,Holiday for Strings,David Rose,5MFrmRlOVi1hBoZvgFNFvI,1951-1971,David Rose,David Rose,TV,THEME,approved-catalog-candidate,Gary approved the original 1943 commercial composition associated with the show; exact broadcast-master use is unverified; unranked and unapplied.
,The Jack Benny Program,Love in Bloom,Bing Crosby and Kitty Carlisle,,1950-1965,Ralph Rainger; Leo Robin,Bing Crosby and Kitty Carlisle,TV,THEME,approved-catalog-candidate,Approved 1934 commercial performance; not television arrangement; no Spotify ID; unranked and unapplied.
,The Adventures of Ozzie and Harriet,Nelson Family Theme,Ozzie Nelson television opening,,1952-1966,Ozzie Nelson,Ozzie Nelson,TV,THEME,approved-catalog-candidate,Approved broadcast-associated television opening; release lineage unverified; no Spotify ID; unranked and unapplied.
,Father Knows Best,Father Knows Best / Waiting,The TV Theme Players,1u1mZ6NgPmLohzNAVMExhh,1954-1960,Clive Richardson,The TV Theme Players,TV,THEME,approved-catalog-candidate,Approved later recognizable cover; unranked and unapplied.
,Maverick,Maverick,TV Themes,3PowPOuvw8BE8Dx2XkzPHF,1957-1962,David Buttolph; Paul Francis Webster,TV Themes,TV,THEME,approved-catalog-candidate,Approved later recognizable cover; unranked and unapplied.
,Leave It to Beaver,Toy Parade,The Richard Gleason Orchestra,1aiXLeKljeTCbX5fVPISTS,1957-1963,David Rose,The Richard Gleason Orchestra,TV,THEME,approved-catalog-candidate,Approved later recognizable recreation; unranked and unapplied.
,The George Burns and Gracie Allen Show,Love Nest,Bing Crosby and Kitty Carlisle,,1950-1958,Louis A. Hirsch; Otto Harbach,Bing Crosby and Kitty Carlisle,TV,THEME,approved-catalog-candidate,Approved shared 1934 commercial performance; not program arrangement and no Spotify ID; unranked and unapplied.
,American Bandstand,Bandstand Boogie,Les Elgart and His Orchestra,,1952-1989,Charles Albertine,Les Elgart and His Orchestra,TV,THEME,approved-catalog-candidate,Approved 1954 contemporary commercial recording; no Spotify ID; unranked and unapplied.
,The Ed Sullivan Show,Toast of the Town Theme,Ray Bloch and His Orchestra broadcast performance,,1948-1971,Ray Bloch,Ray Bloch and His Orchestra,TV,THEME,approved-catalog-candidate,Approved documented original broadcast performance; no commercial track verified; unranked and unapplied.
,Disneyland,When You Wish Upon a Star,Pinocchio soundtrack recording,,1954-1961,Leigh Harline; Ned Washington,Pinocchio soundtrack,TV,THEME,approved-catalog-candidate,Approved original soundtrack recording reused for television; no Spotify ID; unranked and unapplied.
,Howdy Doody,It's Howdy Doody Time,Cartoon Theme Ensemble,1uLyJWPzDJeMCSi3dH6jEb,1947-1960,,Cartoon Theme Ensemble,TV,THEME,approved-catalog-candidate,Approved later recognizable cover; unranked and unapplied.
,Captain Kangaroo,Puffin' Billy,Melodi Light Orchestra,7BOhsPHziYhIIQmPdYS6c0,1955-1984,Edward White,Melodi Light Orchestra,TV,THEME,approved-catalog-candidate,Approved original commercial recording reissue; unranked and unapplied.
,The Roy Rogers Show,Happy Trails,Roy Rogers Dale Evans and The Whippoorwills,1FaiVQR1BUHxttxYUMAQiW,1951-1957,Dale Evans,Roy Rogers Dale Evans and The Whippoorwills,TV,THEME,approved-catalog-candidate,Approved 1952 original commercial recording reissue; unranked and unapplied.
,Naked City,This Is the Naked City,Buddy Morrow and His Orchestra,,1958-1963,George Duning; Ned Washington,Buddy Morrow and His Orchestra,TV,THEME,approved-catalog-candidate,Approved 1959 contemporary commercial recording; not broadcast master and no Spotify ID; unranked and unapplied.
,The Many Loves of Dobie Gillis,Dobie,Lionel Newman and His Orchestra and Jud Conlon's Rhythmaires,,1959-1963,Lionel Newman; Max Shulman,Judd Conlon's Rhythmaires,TV,THEME,approved-catalog-candidate,Approved broadcast-associated television performance; release lineage unverified and no Spotify ID; unranked and unapplied.
,Dennis the Menace,Mi Televizhun Song (Dennis the Menace Theme),Phillip Fox and the Jimmy Carroll Orchestra,,1959-1963,Bill Loose; John Seely,Phillip Fox and the Jimmy Carroll Orchestra,TV,THEME,approved-catalog-candidate,Approved exact 1959 commercial cover; no track-level Spotify ID; unranked and unapplied.
